               epoch,      train/box_loss,      train/obj_loss,      train/cls_loss,   metrics/precision,      metrics/recall,     metrics/mAP_0.5,metrics/mAP_0.5:0.95,        val/box_loss,        val/obj_loss,        val/cls_loss,               x/lr0,               x/lr1,               x/lr2
                   0,               0.103,             0.24305,                   0,             0.33427,             0.63634,             0.37201,             0.11317,             0.07797,             0.16174,                   0,            0.070612,           0.0032653,           0.0032653
                   1,            0.078239,             0.20808,                   0,             0.40015,              0.7359,              0.4945,             0.12905,            0.083206,             0.16899,                   0,             0.04059,           0.0065769,           0.0065769
                   2,            0.072635,             0.19937,                   0,             0.59296,             0.85859,              0.8393,             0.32875,            0.063648,             0.16467,                   0,            0.010547,           0.0098664,           0.0098664
                   3,            0.065617,             0.18984,                   0,             0.88001,             0.89804,             0.93542,             0.54012,            0.057887,             0.14662,                   0,            0.009901,            0.009901,            0.009901
                   4,            0.061226,             0.17615,                   0,             0.97211,             0.94325,             0.97654,             0.64419,             0.05026,             0.10185,                   0,            0.009901,            0.009901,            0.009901
                   5,             0.05802,             0.16629,                   0,             0.96759,             0.95766,             0.98101,             0.72153,            0.048598,             0.10565,                   0,            0.009868,            0.009868,            0.009868
                   6,            0.056902,             0.16423,                   0,             0.98749,             0.96014,             0.98213,             0.76699,            0.046165,            0.090775,                   0,            0.009835,            0.009835,            0.009835
                   7,            0.055757,             0.16004,                   0,             0.98964,             0.96411,             0.98304,             0.75978,            0.046739,            0.099091,                   0,            0.009802,            0.009802,            0.009802
                   8,            0.055328,             0.15803,                   0,              0.9836,             0.96553,             0.98421,                0.78,              0.0451,            0.086327,                   0,            0.009769,            0.009769,            0.009769
                   9,            0.054278,              0.1539,                   0,             0.98077,             0.96888,             0.98311,             0.78758,            0.045084,            0.094757,                   0,            0.009736,            0.009736,            0.009736
                  10,             0.05365,             0.15377,                   0,             0.97638,             0.95302,             0.97821,               0.789,            0.044479,             0.09285,                   0,            0.009703,            0.009703,            0.009703
                  11,             0.05324,             0.14831,                   0,             0.98499,             0.97115,             0.98383,             0.79528,            0.044488,            0.088905,                   0,             0.00967,             0.00967,             0.00967
                  12,             0.05298,             0.14889,                   0,             0.98664,             0.97055,             0.98704,               0.807,            0.043393,            0.087784,                   0,            0.009637,            0.009637,            0.009637
                  13,            0.052498,             0.14601,                   0,             0.98711,             0.96784,             0.98449,             0.81152,            0.044361,            0.085526,                   0,            0.009604,            0.009604,            0.009604
                  14,            0.052097,              0.1468,                   0,             0.99118,             0.97448,             0.98538,             0.79101,            0.044401,            0.087334,                   0,            0.009571,            0.009571,            0.009571
                  15,            0.052314,             0.14335,                   0,             0.98674,             0.95565,             0.98263,             0.79855,            0.043897,            0.091385,                   0,            0.009538,            0.009538,            0.009538
                  16,            0.051595,             0.14479,                   0,             0.98616,             0.96858,             0.98523,             0.81179,            0.043556,            0.084358,                   0,            0.009505,            0.009505,            0.009505
                  17,            0.051918,             0.14207,                   0,             0.98857,             0.97091,             0.98476,             0.80117,            0.044287,            0.089493,                   0,            0.009472,            0.009472,            0.009472
                  18,            0.051255,             0.14208,                   0,             0.98851,             0.97461,             0.98438,             0.81126,            0.043489,            0.086929,                   0,            0.009439,            0.009439,            0.009439
                  19,            0.051784,             0.14417,                   0,             0.99244,              0.9696,             0.98499,             0.80554,            0.044076,              0.0886,                   0,            0.009406,            0.009406,            0.009406
                  20,            0.051405,             0.14352,                   0,             0.99162,              0.9746,             0.98955,             0.82448,            0.042259,            0.080162,                   0,            0.009373,            0.009373,            0.009373
                  21,            0.051709,             0.14225,                   0,             0.99185,             0.97257,               0.983,             0.81862,            0.042727,            0.083443,                   0,             0.00934,             0.00934,             0.00934
                  22,            0.051239,             0.14088,                   0,             0.99257,              0.9721,             0.98346,             0.81788,            0.042821,            0.084007,                   0,            0.009307,            0.009307,            0.009307
                  23,            0.051151,             0.14227,                   0,             0.99296,             0.97508,             0.98857,             0.82937,            0.042653,            0.079292,                   0,            0.009274,            0.009274,            0.009274
                  24,            0.050509,             0.13889,                   0,             0.99146,             0.96817,             0.98489,              0.8173,            0.042655,            0.081963,                   0,            0.009241,            0.009241,            0.009241
                  25,            0.051246,             0.13801,                   0,             0.99415,             0.97198,             0.98441,             0.82427,            0.042549,            0.082428,                   0,            0.009208,            0.009208,            0.009208
                  26,            0.050717,             0.13803,                   0,             0.99211,             0.97492,             0.98604,             0.82399,            0.042521,            0.084053,                   0,            0.009175,            0.009175,            0.009175
                  27,            0.050742,             0.13796,                   0,              0.9573,             0.96772,             0.98017,             0.82441,            0.042241,            0.086365,                   0,            0.009142,            0.009142,            0.009142
                  28,             0.05106,             0.13861,                   0,             0.99176,             0.97634,             0.98925,             0.82645,            0.042426,            0.082016,                   0,            0.009109,            0.009109,            0.009109
                  29,            0.050196,             0.13492,                   0,               0.991,             0.97191,             0.98705,             0.83329,            0.042092,            0.080719,                   0,            0.009076,            0.009076,            0.009076
                  30,             0.05009,             0.13581,                   0,             0.99207,             0.97985,             0.98866,             0.82524,            0.042181,            0.081467,                   0,            0.009043,            0.009043,            0.009043
                  31,            0.050441,             0.13553,                   0,             0.98623,             0.96526,             0.98386,             0.79695,            0.043569,            0.089462,                   0,             0.00901,             0.00901,             0.00901
                  32,            0.050029,             0.13483,                   0,             0.99398,             0.96948,             0.98455,             0.82072,            0.042639,            0.082069,                   0,            0.008977,            0.008977,            0.008977
                  33,            0.050509,             0.13558,                   0,             0.98738,             0.96115,             0.98008,             0.81004,            0.043196,            0.087936,                   0,            0.008944,            0.008944,            0.008944
                  34,            0.050066,             0.13412,                   0,             0.99536,             0.97173,             0.98464,             0.81692,            0.042716,            0.083267,                   0,            0.008911,            0.008911,            0.008911
                  35,            0.049363,             0.13491,                   0,             0.98856,             0.97889,             0.98916,             0.82758,            0.041972,            0.079391,                   0,            0.008878,            0.008878,            0.008878
                  36,            0.049802,             0.13359,                   0,             0.99179,              0.9798,             0.98927,             0.83029,            0.042511,             0.08139,                   0,            0.008845,            0.008845,            0.008845
                  37,            0.049509,             0.13317,                   0,             0.99128,             0.97626,             0.98851,             0.83484,             0.04199,            0.081169,                   0,            0.008812,            0.008812,            0.008812
                  38,            0.049579,             0.13369,                   0,             0.99144,             0.98084,             0.98984,             0.83559,              0.0419,            0.079544,                   0,            0.008779,            0.008779,            0.008779
                  39,            0.049894,             0.13435,                   0,              0.9922,             0.97052,             0.98575,             0.82785,            0.042075,            0.079773,                   0,            0.008746,            0.008746,            0.008746
                  40,            0.049408,             0.13155,                   0,             0.98845,             0.97782,             0.98761,             0.83665,            0.041898,            0.080429,                   0,            0.008713,            0.008713,            0.008713
                  41,             0.04985,             0.13357,                   0,             0.99089,             0.97282,              0.9868,             0.83498,             0.04203,            0.081184,                   0,             0.00868,             0.00868,             0.00868
                  42,            0.049865,             0.13419,                   0,             0.99212,              0.9777,             0.98908,             0.83367,            0.041865,            0.078789,                   0,            0.008647,            0.008647,            0.008647
                  43,            0.049576,             0.13061,                   0,             0.99442,             0.97675,             0.98897,             0.83225,             0.04209,            0.080711,                   0,            0.008614,            0.008614,            0.008614
                  44,            0.049322,             0.13179,                   0,             0.99406,              0.9778,             0.98872,             0.83943,            0.041411,            0.077721,                   0,            0.008581,            0.008581,            0.008581
                  45,            0.049526,             0.13013,                   0,             0.99226,             0.97878,              0.9887,             0.84064,            0.041583,            0.078369,                   0,            0.008548,            0.008548,            0.008548
                  46,            0.049024,             0.13154,                   0,             0.98967,             0.97902,             0.99071,             0.84171,            0.041706,            0.076729,                   0,            0.008515,            0.008515,            0.008515
                  47,            0.049181,             0.12955,                   0,               0.996,             0.97853,              0.9907,              0.8422,            0.041492,            0.076889,                   0,            0.008482,            0.008482,            0.008482
                  48,             0.04905,             0.13077,                   0,             0.99177,             0.97728,              0.9891,             0.84571,            0.041311,            0.077156,                   0,            0.008449,            0.008449,            0.008449
                  49,            0.048894,             0.13048,                   0,             0.99524,             0.97699,             0.98979,             0.83175,            0.042064,            0.078384,                   0,            0.008416,            0.008416,            0.008416
                  50,            0.048677,             0.12769,                   0,             0.99251,             0.97949,             0.98782,             0.84588,            0.041163,            0.077087,                   0,            0.008383,            0.008383,            0.008383
                  51,            0.049301,             0.13024,                   0,             0.99444,             0.97854,             0.98929,             0.85029,            0.041458,            0.076546,                   0,             0.00835,             0.00835,             0.00835
                  52,            0.049021,             0.12815,                   0,              0.9944,             0.97985,             0.99056,             0.84127,            0.041612,            0.076828,                   0,            0.008317,            0.008317,            0.008317
                  53,             0.04917,             0.12994,                   0,             0.98974,             0.97496,             0.98734,             0.83495,            0.041753,            0.079422,                   0,            0.008284,            0.008284,            0.008284
                  54,            0.048719,             0.12788,                   0,             0.99378,             0.97878,             0.99001,             0.84178,            0.041643,            0.077301,                   0,            0.008251,            0.008251,            0.008251
                  55,             0.04935,             0.12963,                   0,             0.99259,             0.97735,             0.98875,             0.84231,             0.04129,            0.076469,                   0,            0.008218,            0.008218,            0.008218
                  56,            0.048853,             0.12929,                   0,             0.99124,             0.97961,             0.98827,             0.84768,            0.041155,            0.076935,                   0,            0.008185,            0.008185,            0.008185
                  57,            0.048874,             0.12643,                   0,             0.99335,             0.98001,             0.99009,             0.84391,            0.041594,            0.076416,                   0,            0.008152,            0.008152,            0.008152
                  58,            0.048849,             0.12663,                   0,             0.99368,             0.97997,             0.99006,             0.84522,            0.041175,            0.075821,                   0,            0.008119,            0.008119,            0.008119
                  59,            0.048439,             0.12474,                   0,              0.9925,             0.97804,             0.98893,             0.84409,            0.041406,            0.077187,                   0,            0.008086,            0.008086,            0.008086
                  60,            0.048288,             0.12452,                   0,             0.99455,             0.97963,             0.98729,             0.84895,            0.041352,            0.077942,                   0,            0.008053,            0.008053,            0.008053
                  61,            0.049251,              0.1272,                   0,             0.98194,             0.96745,             0.98414,             0.82791,             0.04213,            0.081573,                   0,             0.00802,             0.00802,             0.00802
                  62,            0.048732,             0.12614,                   0,             0.99324,             0.98057,             0.98818,             0.84211,            0.041416,            0.077271,                   0,            0.007987,            0.007987,            0.007987
                  63,            0.048437,             0.12593,                   0,             0.99455,             0.97912,             0.99047,             0.84407,            0.041461,            0.075394,                   0,            0.007954,            0.007954,            0.007954
                  64,            0.048507,             0.12456,                   0,             0.98683,             0.97639,             0.98994,             0.84542,            0.041563,            0.077438,                   0,            0.007921,            0.007921,            0.007921
                  65,            0.048392,             0.12554,                   0,             0.99323,             0.97987,             0.99027,             0.85124,            0.041014,            0.074707,                   0,            0.007888,            0.007888,            0.007888
                  66,            0.048357,             0.12663,                   0,             0.99395,             0.98001,             0.98989,             0.84856,            0.041255,            0.076035,                   0,            0.007855,            0.007855,            0.007855
                  67,            0.048406,             0.12289,                   0,             0.99312,             0.98152,             0.99015,             0.84763,            0.041192,            0.075386,                   0,            0.007822,            0.007822,            0.007822
                  68,             0.04838,             0.12503,                   0,             0.99086,              0.9777,             0.98972,             0.85317,            0.041137,            0.075256,                   0,            0.007789,            0.007789,            0.007789
                  69,            0.048041,             0.12465,                   0,              0.9939,             0.98033,             0.99058,             0.84952,             0.04112,            0.075462,                   0,            0.007756,            0.007756,            0.007756
                  70,            0.048122,             0.12271,                   0,             0.99395,             0.97993,             0.98934,             0.84446,            0.041261,            0.078064,                   0,            0.007723,            0.007723,            0.007723
                  71,            0.047974,             0.12329,                   0,             0.99408,             0.98021,             0.98948,             0.84746,            0.041215,            0.077621,                   0,             0.00769,             0.00769,             0.00769
                  72,             0.04809,             0.12371,                   0,             0.99347,             0.97985,             0.98966,             0.85135,            0.041035,            0.075737,                   0,            0.007657,            0.007657,            0.007657
                  73,            0.047803,             0.12264,                   0,             0.99367,             0.97747,             0.98903,             0.85002,            0.041057,            0.075485,                   0,            0.007624,            0.007624,            0.007624
                  74,            0.048588,             0.12558,                   0,             0.99467,             0.97922,             0.99024,             0.85391,            0.041028,            0.073586,                   0,            0.007591,            0.007591,            0.007591
                  75,            0.048005,             0.12207,                   0,              0.9949,             0.97672,              0.9897,             0.85601,            0.041036,             0.07476,                   0,            0.007558,            0.007558,            0.007558
                  76,             0.04797,             0.12315,                   0,             0.99466,              0.9781,             0.98849,             0.85482,            0.040871,            0.074409,                   0,            0.007525,            0.007525,            0.007525
                  77,            0.047972,              0.1218,                   0,             0.99456,             0.98021,               0.988,             0.85757,            0.040798,            0.074905,                   0,            0.007492,            0.007492,            0.007492
                  78,            0.048228,             0.12374,                   0,              0.9942,             0.97937,             0.98895,             0.85427,            0.041027,            0.075195,                   0,            0.007459,            0.007459,            0.007459
                  79,            0.047926,             0.12258,                   0,             0.99061,             0.97556,             0.98726,             0.84635,            0.041165,            0.079903,                   0,            0.007426,            0.007426,            0.007426
                  80,             0.04789,             0.12367,                   0,             0.99399,              0.9814,             0.98963,             0.85753,            0.040768,            0.073608,                   0,            0.007393,            0.007393,            0.007393
                  81,            0.048172,             0.12308,                   0,              0.9948,             0.98068,              0.9901,              0.8573,            0.040959,            0.075104,                   0,             0.00736,             0.00736,             0.00736
                  82,            0.047702,             0.12321,                   0,             0.99563,             0.97818,             0.98783,             0.85377,            0.040951,            0.075668,                   0,            0.007327,            0.007327,            0.007327
                  83,            0.047805,             0.11968,                   0,             0.99388,              0.9789,              0.9898,             0.85667,            0.040831,            0.074043,                   0,            0.007294,            0.007294,            0.007294
                  84,            0.048044,             0.12256,                   0,              0.9931,             0.98068,             0.99001,             0.85668,            0.040933,            0.074707,                   0,            0.007261,            0.007261,            0.007261
                  85,             0.04773,             0.12273,                   0,             0.99221,             0.98188,             0.98893,             0.85123,             0.04093,            0.075241,                   0,            0.007228,            0.007228,            0.007228
                  86,            0.047807,             0.12086,                   0,             0.99564,             0.98115,             0.99007,             0.85631,            0.040869,            0.073151,                   0,            0.007195,            0.007195,            0.007195
                  87,            0.047917,             0.12366,                   0,             0.99395,             0.97897,             0.98875,             0.85458,             0.04085,              0.0746,                   0,            0.007162,            0.007162,            0.007162
                  88,            0.047619,             0.12118,                   0,             0.99396,             0.98052,             0.99033,             0.85949,            0.040674,            0.073128,                   0,            0.007129,            0.007129,            0.007129
                  89,            0.047789,             0.12172,                   0,             0.99605,             0.97866,             0.98769,             0.85769,            0.040743,             0.07518,                   0,            0.007096,            0.007096,            0.007096
                  90,            0.047498,             0.12063,                   0,             0.99504,             0.98042,             0.98714,             0.85251,             0.04097,            0.076187,                   0,            0.007063,            0.007063,            0.007063
                  91,            0.048212,             0.12037,                   0,             0.99303,             0.97973,             0.98729,             0.85703,             0.04069,            0.075027,                   0,             0.00703,             0.00703,             0.00703
                  92,            0.047671,             0.11964,                   0,             0.99334,             0.97832,             0.98629,             0.85369,            0.040782,             0.07663,                   0,            0.006997,            0.006997,            0.006997
                  93,            0.047622,             0.11915,                   0,              0.9937,             0.97985,              0.9875,             0.85653,            0.040775,            0.075714,                   0,            0.006964,            0.006964,            0.006964
                  94,            0.047747,             0.12111,                   0,              0.9943,             0.98009,             0.98869,             0.85688,            0.040817,            0.074242,                   0,            0.006931,            0.006931,            0.006931
                  95,            0.047545,             0.11924,                   0,             0.99478,             0.98104,             0.98677,             0.85473,            0.040865,            0.076012,                   0,            0.006898,            0.006898,            0.006898
                  96,            0.047734,              0.1209,                   0,             0.99515,             0.97997,             0.98857,             0.85497,            0.040982,            0.076561,                   0,            0.006865,            0.006865,            0.006865
                  97,            0.047736,             0.12025,                   0,             0.99527,             0.97835,             0.98903,             0.85833,             0.04075,            0.074631,                   0,            0.006832,            0.006832,            0.006832
                  98,            0.047467,             0.12032,                   0,             0.99536,             0.98068,             0.98902,             0.86112,            0.040699,            0.073593,                   0,            0.006799,            0.006799,            0.006799
                  99,            0.047827,             0.12135,                   0,             0.99509,              0.9808,             0.98817,               0.862,            0.040537,            0.074142,                   0,            0.006766,            0.006766,            0.006766
                 100,            0.047524,             0.11996,                   0,             0.99359,             0.97949,             0.99026,             0.85988,            0.040716,            0.072823,                   0,            0.006733,            0.006733,            0.006733
                 101,            0.047119,             0.11938,                   0,             0.99396,             0.98069,             0.98856,             0.85504,            0.040845,            0.074181,                   0,              0.0067,              0.0067,              0.0067
                 102,            0.047426,             0.11909,                   0,             0.99491,              0.9796,             0.98807,             0.86037,              0.0407,             0.07412,                   0,            0.006667,            0.006667,            0.006667
                 103,            0.047361,             0.11902,                   0,              0.9954,             0.98028,             0.98916,              0.8596,            0.040729,             0.07457,                   0,            0.006634,            0.006634,            0.006634
                 104,            0.047577,             0.11822,                   0,             0.99042,             0.98057,             0.98876,             0.85725,            0.040756,            0.075531,                   0,            0.006601,            0.006601,            0.006601
                 105,            0.047166,             0.11773,                   0,             0.99407,             0.97925,             0.98751,             0.85829,            0.040664,             0.07489,                   0,            0.006568,            0.006568,            0.006568
                 106,            0.047603,             0.11906,                   0,             0.99519,             0.97866,             0.98769,             0.85969,            0.040747,            0.075439,                   0,            0.006535,            0.006535,            0.006535
                 107,            0.047005,             0.11987,                   0,             0.99553,             0.98207,             0.99007,             0.86218,            0.040714,            0.072914,                   0,            0.006502,            0.006502,            0.006502
                 108,            0.047329,              0.1173,                   0,             0.99637,             0.98139,             0.99037,             0.86425,            0.040526,            0.071457,                   0,            0.006469,            0.006469,            0.006469
                 109,            0.047186,             0.11933,                   0,             0.99511,             0.98331,             0.98931,             0.86155,            0.040619,            0.072762,                   0,            0.006436,            0.006436,            0.006436
                 110,            0.047153,             0.11859,                   0,             0.99522,             0.98212,             0.98973,             0.86253,            0.040592,            0.072021,                   0,            0.006403,            0.006403,            0.006403
                 111,            0.047281,             0.11756,                   0,             0.99561,              0.9808,             0.98776,             0.86352,            0.040559,             0.07415,                   0,             0.00637,             0.00637,             0.00637
                 112,            0.047321,             0.11651,                   0,             0.99309,             0.98212,               0.987,             0.85918,            0.040587,            0.075768,                   0,            0.006337,            0.006337,            0.006337
                 113,            0.047502,              0.1188,                   0,             0.99411,             0.98104,             0.98672,             0.85645,             0.04085,             0.07576,                   0,            0.006304,            0.006304,            0.006304
                 114,            0.047593,             0.11989,                   0,             0.99631,             0.98057,             0.98769,             0.85559,            0.040864,            0.075485,                   0,            0.006271,            0.006271,            0.006271
                 115,            0.047218,             0.11647,                   0,             0.99504,             0.98045,             0.98974,             0.85951,            0.040767,            0.073303,                   0,            0.006238,            0.006238,            0.006238
                 116,            0.047226,             0.11705,                   0,             0.99436,             0.97913,             0.98885,             0.86146,              0.0406,            0.073418,                   0,            0.006205,            0.006205,            0.006205
                 117,            0.047057,             0.11769,                   0,             0.99612,             0.97906,             0.98836,             0.86263,            0.040543,            0.073807,                   0,            0.006172,            0.006172,            0.006172
                 118,            0.047147,             0.11787,                   0,             0.99534,             0.97937,             0.98882,              0.8633,            0.040561,            0.072937,                   0,            0.006139,            0.006139,            0.006139
                 119,            0.046815,             0.11773,                   0,             0.99637,             0.98138,             0.99033,             0.86314,            0.040586,            0.072189,                   0,            0.006106,            0.006106,            0.006106
                 120,            0.047179,             0.11696,                   0,             0.99407,             0.97945,             0.98901,             0.85656,            0.040885,            0.074646,                   0,            0.006073,            0.006073,            0.006073
                 121,            0.047497,              0.1171,                   0,             0.99431,              0.9799,             0.98802,             0.86572,            0.040367,            0.073601,                   0,             0.00604,             0.00604,             0.00604
                 122,            0.047038,             0.11675,                   0,             0.99505,             0.98226,             0.98746,             0.86285,            0.040503,            0.075073,                   0,            0.006007,            0.006007,            0.006007
                 123,            0.047289,             0.11599,                   0,             0.99633,             0.98176,             0.99032,             0.85945,            0.040745,            0.073051,                   0,            0.005974,            0.005974,            0.005974
                 124,            0.047031,             0.11634,                   0,             0.99666,             0.98104,             0.99046,             0.86341,            0.040599,            0.071701,                   0,            0.005941,            0.005941,            0.005941
                 125,             0.04694,             0.11674,                   0,             0.99528,              0.9813,              0.9889,             0.86633,            0.040418,            0.072693,                   0,            0.005908,            0.005908,            0.005908
                 126,            0.046672,             0.11642,                   0,             0.99601,             0.98092,             0.99036,             0.86787,             0.04033,            0.071434,                   0,            0.005875,            0.005875,            0.005875
                 127,            0.046972,             0.11621,                   0,             0.99265,             0.98162,             0.99063,             0.86409,            0.040593,            0.072533,                   0,            0.005842,            0.005842,            0.005842
                 128,            0.046753,             0.11722,                   0,             0.99238,             0.98247,             0.99093,             0.86526,            0.040482,            0.071907,                   0,            0.005809,            0.005809,            0.005809
                 129,            0.047159,             0.11623,                   0,             0.99589,             0.98323,             0.99094,             0.86652,            0.040403,            0.071915,                   0,            0.005776,            0.005776,            0.005776
                 130,            0.046841,             0.11565,                   0,             0.99467,             0.98402,             0.99068,             0.86805,            0.040392,            0.071754,                   0,            0.005743,            0.005743,            0.005743
                 131,            0.046786,             0.11576,                   0,             0.99453,             0.97997,             0.99025,             0.86751,            0.040471,            0.071999,                   0,             0.00571,             0.00571,             0.00571
                 132,            0.047074,             0.11456,                   0,             0.99779,             0.97961,             0.99081,             0.86589,            0.040546,            0.071884,                   0,            0.005677,            0.005677,            0.005677
                 133,             0.04728,             0.11652,                   0,             0.99649,             0.98201,             0.99033,             0.86332,            0.040592,            0.071823,                   0,            0.005644,            0.005644,            0.005644
                 134,            0.046771,             0.11613,                   0,             0.99577,             0.98137,             0.99009,               0.865,            0.040501,             0.07225,                   0,            0.005611,            0.005611,            0.005611
                 135,            0.046717,             0.11603,                   0,             0.99576,             0.98053,             0.98969,             0.86627,            0.040528,            0.072388,                   0,            0.005578,            0.005578,            0.005578
                 136,            0.046887,             0.11464,                   0,             0.99528,             0.97967,             0.98807,              0.8631,            0.040556,            0.074585,                   0,            0.005545,            0.005545,            0.005545
                 137,            0.046896,             0.11536,                   0,             0.99577,             0.97961,             0.98787,             0.86622,            0.040369,             0.07383,                   0,            0.005512,            0.005512,            0.005512
                 138,            0.046512,              0.1157,                   0,             0.99503,             0.97958,             0.98817,             0.86216,            0.040613,            0.074539,                   0,            0.005479,            0.005479,            0.005479
                 139,            0.046646,             0.11385,                   0,             0.99589,             0.98138,             0.98867,              0.8649,             0.04049,            0.073936,                   0,            0.005446,            0.005446,            0.005446
                 140,            0.046667,             0.11631,                   0,             0.99516,             0.98046,             0.98854,             0.86099,             0.04068,            0.074425,                   0,            0.005413,            0.005413,            0.005413
                 141,            0.046878,             0.11483,                   0,             0.99492,             0.98081,             0.98833,             0.86242,            0.040616,            0.074348,                   0,             0.00538,             0.00538,             0.00538
                 142,            0.046379,             0.11512,                   0,             0.99577,             0.98136,             0.98881,             0.86434,            0.040533,            0.073166,                   0,            0.005347,            0.005347,            0.005347
                 143,            0.046271,             0.11276,                   0,             0.99564,             0.98017,             0.98826,             0.86461,            0.040526,            0.074142,                   0,            0.005314,            0.005314,            0.005314
                 144,            0.046313,             0.11641,                   0,             0.99551,             0.97985,             0.98807,             0.86289,             0.04063,            0.075272,                   0,            0.005281,            0.005281,            0.005281
                 145,            0.046524,             0.11414,                   0,             0.99516,             0.98053,             0.98859,             0.86428,            0.040491,            0.073845,                   0,            0.005248,            0.005248,            0.005248
                 146,            0.046451,             0.11532,                   0,             0.99576,             0.98009,             0.98912,             0.86457,            0.040459,            0.072739,                   0,            0.005215,            0.005215,            0.005215
                 147,            0.046714,             0.11582,                   0,              0.9955,             0.98271,             0.98958,             0.86646,            0.040404,            0.072266,                   0,            0.005182,            0.005182,            0.005182
                 148,            0.046811,             0.11409,                   0,             0.99505,             0.98205,             0.98989,             0.86696,            0.040434,             0.07193,                   0,            0.005149,            0.005149,            0.005149
                 149,            0.046913,             0.11589,                   0,             0.99504,               0.981,             0.98952,             0.86651,            0.040442,            0.071732,                   0,            0.005116,            0.005116,            0.005116
                 150,            0.046511,             0.11475,                   0,             0.99551,             0.98223,             0.98878,             0.86343,            0.040425,            0.073288,                   0,            0.005083,            0.005083,            0.005083
                 151,            0.046396,             0.11404,                   0,             0.99511,             0.98235,             0.98792,             0.86459,            0.040438,            0.074066,                   0,             0.00505,             0.00505,             0.00505
                 152,            0.046167,             0.11409,                   0,              0.9965,             0.98176,             0.98804,             0.86613,            0.040454,            0.073891,                   0,            0.005017,            0.005017,            0.005017
                 153,            0.045967,             0.11364,                   0,             0.99548,              0.9808,             0.98896,             0.86686,            0.040366,            0.072433,                   0,            0.004984,            0.004984,            0.004984
                 154,            0.046442,             0.11378,                   0,             0.99649,             0.98077,             0.98861,             0.86684,            0.040385,            0.073074,                   0,            0.004951,            0.004951,            0.004951
                 155,            0.046543,             0.11303,                   0,             0.99649,             0.98039,             0.98868,             0.86723,             0.04041,            0.073151,                   0,            0.004918,            0.004918,            0.004918
                 156,            0.046291,              0.1125,                   0,             0.99552,             0.97924,             0.98849,             0.86592,             0.04047,            0.073868,                   0,            0.004885,            0.004885,            0.004885
                 157,            0.046453,              0.1118,                   0,             0.99565,             0.97925,             0.98826,             0.86371,             0.04055,            0.074036,                   0,            0.004852,            0.004852,            0.004852
                 158,            0.046266,             0.11224,                   0,             0.99477,             0.98021,             0.98804,             0.86477,             0.04048,            0.074501,                   0,            0.004819,            0.004819,            0.004819
                 159,            0.046419,             0.11345,                   0,             0.99528,             0.97972,             0.98772,             0.86581,            0.040426,            0.074707,                   0,            0.004786,            0.004786,            0.004786
                 160,            0.046803,             0.11299,                   0,             0.99609,             0.98068,             0.98799,             0.86449,            0.040523,            0.075043,                   0,            0.004753,            0.004753,            0.004753
                 161,            0.045962,             0.11193,                   0,             0.99613,             0.98164,             0.98764,             0.86472,            0.040474,             0.07534,                   0,             0.00472,             0.00472,             0.00472
                 162,            0.046351,             0.11449,                   0,               0.996,             0.98064,             0.98756,             0.86373,            0.040513,            0.075165,                   0,            0.004687,            0.004687,            0.004687
                 163,            0.046284,              0.1129,                   0,             0.99601,             0.98131,             0.98788,             0.86496,             0.04045,            0.074432,                   0,            0.004654,            0.004654,            0.004654
                 164,            0.046478,             0.11264,                   0,             0.99504,             0.98104,             0.98813,             0.86498,            0.040466,            0.074333,                   0,            0.004621,            0.004621,            0.004621
                 165,            0.046242,              0.1113,                   0,             0.99504,             0.98146,             0.98811,             0.86514,            0.040456,            0.074471,                   0,            0.004588,            0.004588,            0.004588
                 166,            0.046365,             0.11383,                   0,               0.994,             0.98057,             0.98786,              0.8653,            0.040428,            0.074577,                   0,            0.004555,            0.004555,            0.004555
                 167,            0.045912,             0.11177,                   0,             0.99521,             0.98045,             0.98805,             0.86558,            0.040521,             0.07415,                   0,            0.004522,            0.004522,            0.004522
                 168,             0.04639,             0.11261,                   0,             0.99504,             0.98057,             0.98789,             0.86557,            0.040468,            0.074196,                   0,            0.004489,            0.004489,            0.004489
                 169,            0.046398,             0.11199,                   0,              0.9954,             0.98044,             0.98886,             0.86715,            0.040431,            0.073166,                   0,            0.004456,            0.004456,            0.004456
                 170,            0.045915,              0.1118,                   0,             0.99529,             0.98162,             0.98911,             0.86756,            0.040427,            0.072708,                   0,            0.004423,            0.004423,            0.004423
                 171,            0.045797,             0.11337,                   0,             0.99517,             0.98177,             0.98986,             0.86714,            0.040456,            0.071388,                   0,             0.00439,             0.00439,             0.00439
                 172,            0.045772,             0.11099,                   0,             0.99593,             0.98176,             0.98987,             0.86753,            0.040405,            0.071495,                   0,            0.004357,            0.004357,            0.004357
                 173,            0.045796,             0.11099,                   0,             0.99641,              0.9839,             0.99016,             0.86772,            0.040476,            0.071472,                   0,            0.004324,            0.004324,            0.004324
                 174,            0.046264,             0.11307,                   0,             0.99436,             0.98402,             0.99074,             0.86787,            0.040496,            0.071945,                   0,            0.004291,            0.004291,            0.004291
                 175,            0.046111,             0.11141,                   0,             0.99504,             0.98188,             0.98994,              0.8663,            0.040557,            0.072456,                   0,            0.004258,            0.004258,            0.004258
                 176,            0.046357,             0.11262,                   0,             0.99526,             0.97997,             0.98953,             0.86414,            0.040606,            0.073273,                   0,            0.004225,            0.004225,            0.004225
                 177,            0.046002,             0.11123,                   0,             0.99503,             0.97921,             0.98934,             0.86572,             0.04052,            0.073357,                   0,            0.004192,            0.004192,            0.004192
                 178,            0.046278,             0.11076,                   0,             0.99529,             0.97985,             0.98947,             0.86773,            0.040426,            0.072327,                   0,            0.004159,            0.004159,            0.004159
                 179,             0.04605,             0.10966,                   0,             0.99504,             0.97994,             0.98931,             0.86556,            0.040477,            0.073547,                   0,            0.004126,            0.004126,            0.004126
                 180,             0.04615,             0.11203,                   0,             0.99564,             0.98042,             0.98883,             0.86539,            0.040506,            0.073959,                   0,            0.004093,            0.004093,            0.004093
                 181,             0.04609,             0.11182,                   0,             0.99648,             0.98021,             0.98893,             0.86671,             0.04045,            0.073761,                   0,             0.00406,             0.00406,             0.00406
                 182,             0.04587,             0.10936,                   0,             0.99662,             0.97961,             0.98911,             0.86715,            0.040445,            0.073097,                   0,            0.004027,            0.004027,            0.004027
                 183,            0.045867,             0.11092,                   0,             0.99552,             0.98073,             0.98911,             0.86724,            0.040475,            0.073181,                   0,            0.003994,            0.003994,            0.003994
                 184,            0.045527,             0.10944,                   0,             0.99588,             0.98039,              0.9893,             0.86766,            0.040474,            0.072983,                   0,            0.003961,            0.003961,            0.003961
                 185,            0.046264,             0.10961,                   0,             0.99583,             0.98068,             0.98931,             0.86827,            0.040445,             0.07312,                   0,            0.003928,            0.003928,            0.003928
                 186,            0.045448,             0.10895,                   0,             0.99504,             0.98106,             0.98841,             0.86718,            0.040443,            0.074326,                   0,            0.003895,            0.003895,            0.003895
                 187,            0.045897,             0.11104,                   0,             0.99524,             0.98057,             0.98811,             0.86638,            0.040462,            0.074425,                   0,            0.003862,            0.003862,            0.003862
                 188,            0.045421,               0.109,                   0,             0.99503,             0.98057,             0.98809,              0.8666,            0.040491,            0.074615,                   0,            0.003829,            0.003829,            0.003829
                 189,            0.045899,             0.10989,                   0,             0.99516,             0.98085,             0.98847,             0.86699,            0.040461,            0.074287,                   0,            0.003796,            0.003796,            0.003796
                 190,            0.045938,             0.10896,                   0,             0.99516,             0.98054,             0.98819,              0.8681,            0.040414,            0.074219,                   0,            0.003763,            0.003763,            0.003763
                 191,            0.045963,             0.10972,                   0,             0.99535,             0.98164,             0.98901,             0.86782,              0.0404,            0.073425,                   0,             0.00373,             0.00373,             0.00373
                 192,            0.045696,             0.10915,                   0,             0.99553,             0.98168,             0.98924,             0.86762,            0.040392,            0.072983,                   0,            0.003697,            0.003697,            0.003697
                 193,            0.045748,             0.10881,                   0,              0.9948,             0.98178,             0.98921,             0.86684,            0.040423,            0.073013,                   0,            0.003664,            0.003664,            0.003664
                 194,            0.045483,             0.10877,                   0,             0.99529,              0.9822,             0.98939,             0.86664,            0.040401,            0.072495,                   0,            0.003631,            0.003631,            0.003631
                 195,            0.045553,             0.10754,                   0,             0.99421,              0.9832,             0.98965,             0.86831,            0.040412,            0.071854,                   0,            0.003598,            0.003598,            0.003598
                 196,            0.045715,             0.11055,                   0,             0.99433,             0.98318,             0.99006,             0.86747,            0.040464,            0.071701,                   0,            0.003565,            0.003565,            0.003565
                 197,            0.045844,             0.10809,                   0,             0.99528,             0.98223,             0.98961,             0.86789,            0.040447,            0.071976,                   0,            0.003532,            0.003532,            0.003532
                 198,             0.04552,             0.10785,                   0,             0.99553,             0.98145,             0.98981,             0.86778,            0.040453,            0.071976,                   0,            0.003499,            0.003499,            0.003499
                 199,            0.045476,             0.10926,                   0,             0.99468,             0.98176,             0.98971,             0.86832,            0.040456,            0.072243,                   0,            0.003466,            0.003466,            0.003466
                 200,             0.04545,             0.10726,                   0,             0.99516,             0.98116,              0.9893,             0.86659,            0.040514,            0.072937,                   0,            0.003433,            0.003433,            0.003433
                 201,            0.045213,             0.10716,                   0,             0.99516,             0.98143,              0.9894,             0.86701,            0.040483,            0.073486,                   0,              0.0034,              0.0034,              0.0034
                 202,            0.045599,             0.10835,                   0,             0.99612,              0.9808,             0.98969,             0.86682,             0.04049,            0.072716,                   0,            0.003367,            0.003367,            0.003367
                 203,            0.045601,             0.10711,                   0,             0.99649,             0.98271,             0.99025,             0.86809,            0.040494,            0.071693,                   0,            0.003334,            0.003334,            0.003334
                 204,            0.045539,             0.10741,                   0,             0.99649,             0.98289,             0.99024,             0.86811,            0.040483,            0.071861,                   0,            0.003301,            0.003301,            0.003301
                 205,            0.045727,             0.10661,                   0,             0.99565,             0.98226,             0.98989,             0.86716,            0.040524,            0.072571,                   0,            0.003268,            0.003268,            0.003268
                 206,            0.045621,             0.10818,                   0,             0.99504,             0.98121,             0.98984,             0.86759,            0.040535,            0.072899,                   0,            0.003235,            0.003235,            0.003235
                 207,             0.04531,             0.10794,                   0,             0.99588,             0.98003,             0.98961,             0.86671,            0.040559,            0.073303,                   0,            0.003202,            0.003202,            0.003202
                 208,            0.045382,             0.10693,                   0,             0.99563,             0.97961,             0.98915,             0.86448,            0.040592,            0.074326,                   0,            0.003169,            0.003169,            0.003169
                 209,            0.045344,             0.10856,                   0,               0.995,             0.98057,             0.98891,             0.86666,            0.040508,            0.073425,                   0,            0.003136,            0.003136,            0.003136
                 210,            0.045664,             0.10687,                   0,             0.99552,             0.98054,             0.98902,             0.86657,            0.040522,            0.073097,                   0,            0.003103,            0.003103,            0.003103
                 211,            0.045366,             0.10764,                   0,              0.9954,             0.98062,             0.98897,             0.86608,            0.040504,            0.073135,                   0,             0.00307,             0.00307,             0.00307
                 212,            0.045552,             0.10898,                   0,             0.99504,             0.98067,             0.98914,             0.86621,            0.040533,            0.073112,                   0,            0.003037,            0.003037,            0.003037
                 213,            0.045351,             0.10696,                   0,             0.99508,             0.98128,             0.98968,             0.86712,            0.040545,            0.072273,                   0,            0.003004,            0.003004,            0.003004
                 214,            0.045295,             0.10631,                   0,             0.99528,             0.98149,             0.99008,             0.86782,            0.040526,             0.07193,                   0,            0.002971,            0.002971,            0.002971
                 215,            0.045205,             0.10601,                   0,             0.99524,             0.98176,             0.98982,             0.86712,            0.040537,            0.072067,                   0,            0.002938,            0.002938,            0.002938
                 216,             0.04549,             0.10737,                   0,             0.99565,             0.98234,             0.99014,             0.86782,            0.040537,            0.071915,                   0,            0.002905,            0.002905,            0.002905
                 217,            0.045222,             0.10491,                   0,             0.99553,             0.98255,             0.99009,             0.86791,            0.040525,            0.071915,                   0,            0.002872,            0.002872,            0.002872
                 218,            0.045218,             0.10737,                   0,             0.99517,             0.98324,             0.99025,             0.86757,            0.040532,            0.071846,                   0,            0.002839,            0.002839,            0.002839
                 219,            0.045356,             0.10677,                   0,             0.99542,             0.98396,             0.99039,             0.86741,            0.040557,            0.071854,                   0,            0.002806,            0.002806,            0.002806
                 220,            0.045762,             0.10751,                   0,             0.99494,              0.9837,             0.99061,             0.86791,            0.040537,            0.071747,                   0,            0.002773,            0.002773,            0.002773
                 221,            0.044975,             0.10574,                   0,             0.99497,             0.98414,             0.99063,              0.8675,            0.040542,            0.071716,                   0,             0.00274,             0.00274,             0.00274
                 222,            0.045221,             0.10552,                   0,             0.99536,             0.98367,             0.99062,              0.8678,            0.040537,            0.071655,                   0,            0.002707,            0.002707,            0.002707
                 223,            0.044991,             0.10518,                   0,             0.99587,              0.9839,             0.99035,             0.86733,            0.040536,            0.071671,                   0,            0.002674,            0.002674,            0.002674
                 224,            0.045211,             0.10596,                   0,             0.99541,             0.98347,             0.99045,             0.86771,            0.040542,            0.071709,                   0,            0.002641,            0.002641,            0.002641
                 225,            0.044752,             0.10403,                   0,             0.99512,             0.98319,             0.99069,             0.86817,            0.040521,            0.071594,                   0,            0.002608,            0.002608,            0.002608
                 226,            0.044911,             0.10436,                   0,             0.99523,             0.98355,             0.99071,             0.86802,            0.040553,            0.071609,                   0,            0.002575,            0.002575,            0.002575
                 227,            0.044951,             0.10377,                   0,             0.99493,              0.9835,             0.99062,             0.86719,            0.040602,            0.071899,                   0,            0.002542,            0.002542,            0.002542
                 228,            0.045239,              0.1064,                   0,             0.99516,             0.98295,             0.99043,             0.86723,            0.040602,            0.072075,                   0,            0.002509,            0.002509,            0.002509
                 229,            0.045015,             0.10583,                   0,              0.9949,             0.98212,             0.99008,             0.86702,            0.040582,            0.072235,                   0,            0.002476,            0.002476,            0.002476
                 230,            0.044704,              0.1053,                   0,             0.99449,              0.9814,             0.98966,             0.86677,            0.040602,            0.072571,                   0,            0.002443,            0.002443,            0.002443
                 231,            0.044618,             0.10324,                   0,             0.99516,             0.98061,             0.98945,             0.86661,            0.040606,            0.072716,                   0,             0.00241,             0.00241,             0.00241
                 232,            0.044879,             0.10447,                   0,             0.99504,             0.98127,             0.98935,               0.866,            0.040617,             0.07309,                   0,            0.002377,            0.002377,            0.002377
                 233,            0.045101,             0.10544,                   0,              0.9948,             0.98118,              0.9893,             0.86617,            0.040607,            0.073433,                   0,            0.002344,            0.002344,            0.002344
                 234,            0.045045,             0.10465,                   0,             0.99468,             0.98164,             0.98928,             0.86619,            0.040597,            0.073532,                   0,            0.002311,            0.002311,            0.002311
                 235,            0.045109,             0.10546,                   0,             0.99518,             0.98188,              0.9894,             0.86629,             0.04059,            0.073547,                   0,            0.002278,            0.002278,            0.002278
                 236,            0.045069,             0.10526,                   0,             0.99516,              0.9816,             0.98942,             0.86643,            0.040569,            0.073547,                   0,            0.002245,            0.002245,            0.002245
                 237,            0.045015,             0.10556,                   0,             0.99532,             0.98116,             0.98914,             0.86705,            0.040561,            0.073853,                   0,            0.002212,            0.002212,            0.002212
                 238,            0.044861,              0.1043,                   0,             0.99552,             0.98119,             0.98936,             0.86747,            0.040548,            0.073349,                   0,            0.002179,            0.002179,            0.002179
                 239,            0.045171,             0.10516,                   0,             0.99568,              0.9814,             0.98948,             0.86758,            0.040555,            0.073135,                   0,            0.002146,            0.002146,            0.002146
                 240,            0.044888,             0.10441,                   0,             0.99577,             0.98168,              0.9895,             0.86762,            0.040554,            0.073219,                   0,            0.002113,            0.002113,            0.002113
                 241,            0.044486,              0.1023,                   0,             0.99575,               0.982,              0.9895,             0.86748,            0.040542,            0.073097,                   0,             0.00208,             0.00208,             0.00208
                 242,            0.044671,             0.10378,                   0,             0.99566,             0.98176,             0.98958,             0.86797,            0.040519,            0.072876,                   0,            0.002047,            0.002047,            0.002047
                 243,            0.045092,             0.10383,                   0,              0.9958,             0.98164,             0.98952,             0.86798,            0.040525,            0.072968,                   0,            0.002014,            0.002014,            0.002014
                 244,            0.044976,             0.10295,                   0,             0.99613,             0.98162,              0.9897,             0.86779,            0.040547,            0.072922,                   0,            0.001981,            0.001981,            0.001981
                 245,            0.044726,             0.10243,                   0,             0.99609,             0.98212,             0.98972,             0.86716,            0.040569,            0.072983,                   0,            0.001948,            0.001948,            0.001948
                 246,            0.044678,             0.10298,                   0,             0.99601,             0.98212,             0.98971,             0.86714,            0.040567,            0.073029,                   0,            0.001915,            0.001915,            0.001915
                 247,            0.044957,             0.10374,                   0,             0.99613,             0.98218,             0.98985,             0.86737,            0.040564,             0.07283,                   0,            0.001882,            0.001882,            0.001882
                 248,            0.044863,             0.10263,                   0,             0.99601,             0.98199,             0.98977,             0.86706,            0.040588,             0.07296,                   0,            0.001849,            0.001849,            0.001849
                 249,            0.044803,             0.10298,                   0,             0.99601,             0.98239,             0.98965,             0.86724,             0.04058,            0.072998,                   0,            0.001816,            0.001816,            0.001816
                 250,            0.044719,             0.10352,                   0,             0.99567,             0.98247,             0.98943,             0.86679,            0.040597,            0.073219,                   0,            0.001783,            0.001783,            0.001783
                 251,            0.045114,             0.10465,                   0,             0.99565,             0.98219,             0.98953,             0.86715,            0.040585,            0.073112,                   0,             0.00175,             0.00175,             0.00175
                 252,            0.044789,             0.10209,                   0,             0.99598,             0.98212,             0.98952,             0.86681,            0.040594,            0.073303,                   0,            0.001717,            0.001717,            0.001717
                 253,            0.044345,             0.10234,                   0,             0.99618,             0.98176,             0.98947,             0.86628,            0.040623,            0.073303,                   0,            0.001684,            0.001684,            0.001684
                 254,             0.04428,             0.10033,                   0,             0.99589,             0.98189,             0.98956,             0.86627,            0.040642,            0.073311,                   0,            0.001651,            0.001651,            0.001651
                 255,            0.044741,             0.10331,                   0,             0.99578,             0.98188,             0.98957,             0.86624,            0.040641,             0.07325,                   0,            0.001618,            0.001618,            0.001618
                 256,            0.044856,             0.10375,                   0,             0.99601,              0.9813,             0.98959,             0.86645,            0.040632,            0.073242,                   0,            0.001585,            0.001585,            0.001585
                 257,            0.044193,             0.10106,                   0,             0.99552,              0.9811,             0.98973,             0.86666,            0.040631,            0.073181,                   0,            0.001552,            0.001552,            0.001552
                 258,            0.044394,             0.10231,                   0,             0.99601,             0.98101,             0.98985,             0.86653,            0.040638,             0.07312,                   0,            0.001519,            0.001519,            0.001519
                 259,            0.044373,             0.09976,                   0,             0.99586,             0.98116,             0.98998,             0.86646,            0.040638,            0.073029,                   0,            0.001486,            0.001486,            0.001486
                 260,            0.044155,            0.099685,                   0,             0.99576,             0.98105,             0.98989,             0.86642,             0.04064,            0.073105,                   0,            0.001453,            0.001453,            0.001453
                 261,             0.04414,             0.10009,                   0,             0.99602,              0.9808,             0.98998,             0.86646,            0.040641,            0.073196,                   0,             0.00142,             0.00142,             0.00142
                 262,            0.044638,             0.10173,                   0,             0.99613,             0.98101,             0.99001,              0.8662,            0.040645,             0.07312,                   0,            0.001387,            0.001387,            0.001387
                 263,            0.044347,               0.102,                   0,               0.996,             0.98083,             0.99001,             0.86622,            0.040637,            0.073151,                   0,            0.001354,            0.001354,            0.001354
                 264,            0.044186,              0.1005,                   0,             0.99611,             0.98092,             0.98994,              0.8663,            0.040627,            0.073151,                   0,            0.001321,            0.001321,            0.001321
                 265,            0.044235,             0.10019,                   0,             0.99627,             0.98104,             0.98992,             0.86634,            0.040623,            0.073151,                   0,            0.001288,            0.001288,            0.001288
                 266,            0.044254,             0.09962,                   0,             0.99637,             0.98144,             0.99005,             0.86635,            0.040625,            0.073067,                   0,            0.001255,            0.001255,            0.001255
                 267,            0.043917,            0.099002,                   0,             0.99622,              0.9814,             0.99011,             0.86651,            0.040618,            0.073067,                   0,            0.001222,            0.001222,            0.001222
                 268,            0.044075,            0.099384,                   0,             0.99625,             0.98109,             0.98979,             0.86622,             0.04062,            0.073288,                   0,            0.001189,            0.001189,            0.001189
                 269,            0.044292,             0.10145,                   0,             0.99621,             0.98104,             0.98974,             0.86597,            0.040623,            0.073372,                   0,            0.001156,            0.001156,            0.001156
                 270,            0.044264,             0.10011,                   0,             0.99637,             0.98114,             0.98969,             0.86602,            0.040617,            0.073456,                   0,            0.001123,            0.001123,            0.001123
                 271,            0.044296,             0.10125,                   0,             0.99601,             0.98108,             0.98966,             0.86592,            0.040621,            0.073517,                   0,             0.00109,             0.00109,             0.00109
                 272,             0.04427,             0.10057,                   0,             0.99604,             0.98104,             0.98969,             0.86604,            0.040616,            0.073517,                   0,            0.001057,            0.001057,            0.001057
                 273,            0.043969,             0.10053,                   0,             0.99593,             0.98128,             0.98965,             0.86594,            0.040617,            0.073555,                   0,            0.001024,            0.001024,            0.001024
                 274,            0.044289,             0.10004,                   0,             0.99625,             0.98139,             0.98964,             0.86634,             0.04061,            0.073532,                   0,            0.000991,            0.000991,            0.000991
                 275,            0.044386,             0.10002,                   0,             0.99618,              0.9814,             0.98971,             0.86626,            0.040613,            0.073486,                   0,            0.000958,            0.000958,            0.000958
                 276,            0.044438,            0.099677,                   0,             0.99635,             0.98152,             0.98976,             0.86627,            0.040615,            0.073402,                   0,            0.000925,            0.000925,            0.000925
                 277,            0.043993,            0.099159,                   0,             0.99613,             0.98162,             0.98993,             0.86598,            0.040621,            0.073357,                   0,            0.000892,            0.000892,            0.000892
                 278,            0.044172,             0.09833,                   0,             0.99596,             0.98152,             0.98998,             0.86592,            0.040625,            0.073334,                   0,            0.000859,            0.000859,            0.000859
                 279,            0.043922,            0.097567,                   0,             0.99577,             0.98152,             0.98994,             0.86617,            0.040622,            0.073357,                   0,            0.000826,            0.000826,            0.000826
                 280,            0.044138,            0.097891,                   0,              0.9962,              0.9814,             0.98991,              0.8662,             0.04062,            0.073387,                   0,            0.000793,            0.000793,            0.000793
                 281,            0.043932,             0.09781,                   0,             0.99601,             0.98131,             0.98994,              0.8665,            0.040624,            0.073402,                   0,             0.00076,             0.00076,             0.00076
                 282,            0.043896,            0.098649,                   0,             0.99582,             0.98104,             0.98984,             0.86615,            0.040627,            0.073463,                   0,            0.000727,            0.000727,            0.000727
                 283,            0.044004,            0.097903,                   0,             0.99601,             0.98097,             0.98981,               0.866,            0.040633,            0.073517,                   0,            0.000694,            0.000694,            0.000694
                 284,            0.043758,            0.098659,                   0,             0.99596,             0.98092,             0.98978,              0.8658,            0.040643,            0.073624,                   0,            0.000661,            0.000661,            0.000661
                 285,            0.044356,             0.09974,                   0,             0.99604,              0.9808,             0.98976,             0.86563,            0.040652,              0.0737,                   0,            0.000628,            0.000628,            0.000628
                 286,            0.044245,            0.097043,                   0,             0.99608,              0.9808,             0.98977,             0.86535,            0.040657,            0.073669,                   0,            0.000595,            0.000595,            0.000595
                 287,            0.044037,            0.096897,                   0,             0.99621,              0.9808,             0.98976,             0.86534,            0.040662,            0.073715,                   0,            0.000562,            0.000562,            0.000562
                 288,            0.044038,            0.098626,                   0,             0.99607,             0.98068,             0.98978,              0.8655,            0.040662,              0.0737,                   0,            0.000529,            0.000529,            0.000529
                 289,            0.044026,            0.098547,                   0,             0.99615,             0.98068,             0.98977,             0.86551,            0.040665,            0.073715,                   0,            0.000496,            0.000496,            0.000496
                 290,            0.044165,            0.098865,                   0,             0.99617,             0.98068,             0.98975,             0.86524,            0.040669,            0.073776,                   0,            0.000463,            0.000463,            0.000463
                 291,            0.044011,            0.097915,                   0,             0.99614,             0.98068,             0.98975,             0.86515,            0.040672,            0.073776,                   0,             0.00043,             0.00043,             0.00043
                 292,            0.044046,            0.097807,                   0,             0.99606,             0.98068,             0.98978,             0.86521,             0.04067,            0.073746,                   0,            0.000397,            0.000397,            0.000397
                 293,            0.044073,            0.097397,                   0,             0.99605,             0.98068,             0.98979,             0.86518,            0.040673,            0.073792,                   0,            0.000364,            0.000364,            0.000364
                 294,            0.044356,            0.098863,                   0,             0.99613,             0.98068,             0.98973,             0.86502,            0.040677,            0.073868,                   0,            0.000331,            0.000331,            0.000331
                 295,            0.044046,            0.097413,                   0,             0.99619,             0.98068,             0.98959,             0.86494,            0.040676,            0.073929,                   0,            0.000298,            0.000298,            0.000298
                 296,             0.04403,            0.097264,                   0,             0.99624,              0.9804,              0.9896,             0.86483,            0.040679,            0.073997,                   0,            0.000265,            0.000265,            0.000265
                 297,            0.043875,            0.095697,                   0,             0.99624,             0.98035,             0.98957,             0.86469,            0.040683,            0.074013,                   0,            0.000232,            0.000232,            0.000232
                 298,            0.044011,            0.097626,                   0,             0.99636,             0.98043,             0.98961,             0.86465,            0.040687,            0.074074,                   0,            0.000199,            0.000199,            0.000199
                 299,            0.044263,            0.097916,                   0,             0.99627,             0.98033,             0.98959,             0.86456,            0.040689,            0.074127,                   0,            0.000166,            0.000166,            0.000166
